,Unnamed: 0,UserID,UserScreenName,UserCreatedAt,UserDescriptionLength,UserFollowersCount,UserFriendsCount,UserLocation,AvgHashtag,AvgURLCount,AvgMention,AvgRetweet,AvgFavCount,TweetCount,SpammerOrNot,Current_Time
0,0,741101310,Dady330,2012-08-06 17:51:34,5,266,110,...,0.0,0.1,1.1666666666666667,582.2,0.2333333333333333,22092,0.0,2019-04-23 01:25:12
1,30,4199050153,donynyn1,2015-11-11 07:31:22,0,4,24,0,0.0,0.06666666666666668,0.3333333333333333,598.1666666666666,0.26666666666666666,8,0.0,2019-04-23 01:25:12
2,38,318355178,CurrentSocials,2011-06-16 10:52:41,153,2499,86,"‚àöŒ±. –≤‡´ØŒ±‡´Æ—í, ‚àö¬°‡´®g¬°‡∏ó¬°Œ±",1.0666666666666669,1.9,0.9,0.7,0.0,1207477,0.0,2019-04-23 01:25:12
3,68,255981466,haramlaflame,2011-02-22 12:18:33,8,3178,420,Lyon,0.06666666666666668,0.6666666666666666,1.0666666666666669,3025.866666666667,0.0,153838,0.0,2019-04-23 01:25:12
4,98,57891760,_JamesShu,2009-07-18 08:46:59,0,417,459,0,0.1,0.6333333333333333,1.1666666666666667,26192.46666666667,0.26666666666666666,32808,0.0,2019-04-23 01:25:12
5,128,121161437,basiljh,2010-03-08 16:27:32,1,625,1255,?,0.0,0.36666666666666653,1.1666666666666667,27.0,0.6,21523,0.0,2019-04-23 01:25:12
6,158,264156917,Raima_Ouattara,2011-03-11 12:41:30,114,2261,685,"Ottawa, Ontario",0.13333333333333333,0.16666666666666666,0.5333333333333333,1309.8333333333333,0.26666666666666666,47265,0.0,2019-04-23 01:25:12
7,188,890029615183515648,arroba_551,2017-07-26 02:02:51,135,256,253,loading...,0.06666666666666668,0.3333333333333333,0.8666666666666667,91.36666666666666,0.4,2798,0.0,2019-04-23 01:25:12
8,218,2747771731,samanthaaajae,2014-08-20 02:26:16,0,648,634,0,0.0,0.6,1.0666666666666669,19073.466666666667,0.0,14041,0.0,2019-04-23 01:25:12
9,248,919118066289606656,RioNextDoor,2017-10-14 08:29:58,81,119,106,Narnia,0.0,0.36666666666666653,0.5,3027.1,0.6666666666666666,1284,0.0,2019-04-23 01:25:12
10,278,2578845920,eudoguinha,2014-06-20 15:26:22,1,99180,6011,0,0.0,0.6,1.0,520.7666666666668,0.0,101,0.0,2019-04-23 01:25:12
11,308,1098685431263186944,cxnhoto777,2019-02-21 20:46:34,48,216,347,Cachoeiro de itapemirim,0.0,0.3333333333333333,0.5,106.6,0.43333333333333335,817,0.0,2019-04-23 01:25:12
12,338,1427210558,FreebandFlav4,2013-05-14 07:09:55,41,3735,4244,0,0.0,0.13333333333333333,0.5333333333333333,1480.7666666666669,0.3,53760,0.0,2019-04-23 01:25:12
13,368,119110146,oluwamisegun,2010-03-02 18:10:09,0,1223,989,0,0.5,0.3,1.1666666666666667,1517.1333333333334,0.03333333333333333,44280,0.0,2019-04-23 01:25:12
14,398,325798209,CallMeKi__,2011-06-28 21:56:44,20,705,883,The City ,0.0,0.16666666666666666,0.8333333333333334,2083.2,0.0,42330,0.0,2019-04-23 01:25:12
15,428,339341066,CLeonard46,2011-07-20 23:29:42,87,322,331,"Portland,  OR",0.0,0.43333333333333335,1.9666666666666663,198.2,1.4666666666666666,7645,0.0,2019-04-23 01:25:12
16,458,2725461374,ONEeJuice,2014-08-12 05:08:46,158,5061,3572,"If I offend you, it‚Äôs because I was hacked. Closed/Sold",0.6333333333333333,0.2333333333333333,1.9,1597.033333333333,0.03333333333333333,21534,0.0,2019-04-23 01:25:12
17,488,467415986,KatlyGold,2012-01-18 13:00:21,114,1693,1057,Botswana,0.03333333333333333,0.8666666666666667,0.3333333333333333,60.16666666666666,0.26666666666666666,34151,0.0,2019-04-23 01:25:12
18,518,1332651679,mia_sansone,2013-04-06 22:43:06,20,1080,775,loz ,0.13333333333333333,0.4,0.8666666666666667,10539.733333333334,2.9,21395,0.0,2019-04-23 01:25:12
19,548,1112387508984258560,thcxns,2019-03-31 16:13:44,21,77,50,0,0.1,0.6,1.0,1058.9333333333334,0.03333333333333333,1232,0.0,2019-04-23 01:25:12
20,578,927236700929224705,slctiio,2017-11-05 18:10:31,30,19572,17256,0,0.03333333333333333,0.6333333333333333,1.0333333333333334,2215.9,0.06666666666666668,12302,0.0,2019-04-23 01:25:12
21,608,2808918622,mariesimspon95,2014-10-05 19:24:13,77,246,487,0,0.7666666666666667,0.6,1.2,139201.86666666667,0.06666666666666668,5980,0.0,2019-04-23 01:25:12
22,638,1110530215497920512,vanitascrimes,2019-03-26 13:13:30,67,180,358,0,0.06666666666666668,0.43333333333333335,0.9666666666666668,286.73333333333335,0.4,2696,0.0,2019-04-23 01:25:12
23,668,1072123455863209984,Jip8659,2018-12-10 13:38:45,154,493,482,"Aux confins de l'espace, et +",0.1,0.2,0.9666666666666668,16.866666666666667,1.7,4319,0.0,2019-04-23 01:25:12
24,698,1061371770739974144,insimricky,2018-11-10 21:35:24,0,6,39,"Washington, USA",0.2,1.0,0.1,0.0,0.0,274,0.0,2019-04-23 01:25:12
25,728,2315141761,XiggyMatsu,2014-01-28 08:38:47,159,685,950,"South Blue (DFW), Texas",0.3,0.7,0.7,7698.266666666666,0.4,104468,0.0,2019-04-23 01:25:12
26,758,1152287743,apk_share,2013-02-05 22:52:33,53,205,230,0,1.8333333333333333,1.0,0.0,0.0,0.06666666666666668,112675,0.0,2019-04-23 01:25:12
27,788,1536163975,HogardJacques,2013-06-21 09:33:55,160,2418,1264,"Ile-de-France, France",0.7,0.4,1.0,359.63333333333327,0.6333333333333333,13762,0.0,2019-04-23 01:25:12
28,818,451003296,Mark_Kawada,2011-12-30 22:48:36,54,1265,3197,where I am,0.0,0.2,1.0666666666666669,125.76666666666668,0.03333333333333333,271272,0.0,2019-04-23 01:25:12
29,848,860077297117876224,raina_kinser,2017-05-04 10:23:01,8,14,44,"Kentucky, USA",0.13333333333333333,0.5333333333333333,1.0,3550.4666666666667,0.1,53,0.0,2019-04-23 01:25:12
30,878,2587907966,ehiludido,2014-06-25 17:31:11,37,42422,353,"Quirin√≥polis, Brasil",0.0,0.13333333333333333,0.3333333333333333,157.83333333333334,64.5,115616,0.0,2019-04-23 01:25:12
31,898,997256328744587265,DriftersPsyche,2018-05-17 23:23:31,154,18,197,Canada,0.1,0.5666666666666667,1.2666666666666666,0.1,2.0,1774,0.0,2019-04-23 01:25:12
32,928,952292054003941377,gracexreec,2018-01-13 21:31:33,15,249,261,"Arizona, USA",0.0,0.6,1.0666666666666669,15673.3,0.0,5172,0.0,2019-04-23 01:25:12
33,958,100206419,akhilgupta_me,2009-12-29 11:51:36,0,120,118,0,0.2333333333333333,0.4,1.1,2114.5,0.2,814,0.0,2019-04-23 01:25:12
34,988,956644353983868933,vascogsb,2018-01-25 21:46:02,15,351,764,Portugal,0.0,0.4,0.9,5149.866666666667,0.13333333333333333,4776,0.0,2019-04-23 01:25:12
35,1018,739159369028403200,nomis6259,2016-06-04 18:18:21,0,229,789,0,0.0,0.7,1.0333333333333334,7968.133333333332,0.0,22743,0.0,2019-04-23 01:25:12
36,1048,939817122913574914,nenetteemk,2017-12-10 11:20:37,5,855,423,"Dijon, France",0.0,0.7,0.9333333333333332,6602.766666666666,0.0,30689,0.0,2019-04-23 01:25:12
37,1078,987048591968620545,Gorgioussdf,2018-04-19 19:21:37,72,545,73,youtube :,0.0,0.5666666666666667,0.7333333333333333,298.53333333333336,0.6666666666666666,5384,0.0,2019-04-23 01:25:12
38,1108,241346916,Rich65k,2011-01-22 01:45:26,35,358,632,Oklahoma,0.9333333333333332,1.3333333333333333,0.5,1.2333333333333334,6.9,524,0.0,2019-04-23 01:25:12
39,1138,898013484876804097,braykxo,2017-08-17 02:47:53,35,50,130,"Knoxville, TN",0.0,0.2333333333333333,1.0,45097.76666666667,0.0,1520,0.0,2019-04-23 01:25:12
40,1168,1005830645975691265,kayansub,2018-06-10 15:14:48,24,34,141,0,2.2,1.0,1.3333333333333333,197.86666666666667,0.0,2199,0.0,2019-04-23 01:25:12
41,1198,2405066607,Brianketer5,2014-03-12 15:16:32,25,388,491,Kenya,0.03333333333333333,0.7,0.4666666666666667,46.6,0.1,812,0.0,2019-04-23 01:25:12
42,1228,1097059909231878145,blease_no,2019-02-17 09:07:19,136,4,51,0,0.26666666666666666,0.7333333333333333,1.0333333333333334,3623.5333333333333,0.0,1668,0.0,2019-04-23 01:25:12
43,0,1119864633110794240,Murat41222943,2019-04-21 07:25:09,139,17,761,ƒ∞stanbul Beylikd√ºz√º ,0.0,0.9666666666666668,0.8666666666666667,0.0,0.4666666666666667,207,1.0,2019-04-23 01:25:12
44,30,1099556638401486849,Ar1_sa3,2019-02-24 06:28:26,7,96,111,0,0.4666666666666667,0.5333333333333333,0.0,0.0,1.2,139,1.0,2019-04-23 01:25:12
45,60,978987895301263360,Stew45641594,2018-03-28 13:31:17,0,61,671,"Miami, FL/jamaica ",1.1,0.8333333333333334,1.1333333333333333,196.9333333333333,0.0,1090,1.0,2019-04-23 01:25:12
46,90,1066182466669547520,fakesmilesonly,2018-11-24 04:11:23,47,15612,5799,0,0.0,0.3333333333333333,0.3,2376.2,7666.333333333332,205,1.0,2019-04-23 01:25:12
47,120,1049690686465949696,BhonestTo,2018-10-09 15:58:56,160,2380,3719,Canton Ohio,0.4,0.5333333333333333,1.2666666666666666,985.4333333333333,0.0,5485,1.0,2019-04-23 01:25:12
48,150,980500880,Ahmedsayedzz,2012-11-30 13:48:54,35,915,2834,"Cairo, Egypt",0.1,0.8666666666666667,1.0,16810.866666666665,0.03333333333333333,11375,1.0,2019-04-23 01:25:12
49,180,731528022076104706,Bezean56,2016-05-14 16:54:06,160,487,902,"Newcastle Upon Tyne, England",0.0,0.16666666666666666,2.2666666666666666,682.4,0.16666666666666666,4677,1.0,2019-04-23 01:25:12
50,210,2215677526,jamieisthegirl,2013-12-09 12:25:25,34,143,226,0,0.0,0.6,0.9333333333333332,20129.933333333334,0.0,11312,1.0,2019-04-23 01:25:12
51,240,969769260619849729,Al_2705,2018-03-03 02:59:43,0,208,20,0,0.0,2.0,0.0,0.0,0.0,10663,1.0,2019-04-23 01:25:12
52,270,128137409,_dedeew,2010-03-31 06:01:54,73,405,103,Indonesia,0.06666666666666668,0.5,0.9,2268.6,0.0,74552,1.0,2019-04-23 01:25:12
53,300,3299703555,LALIftThe100,2015-05-26 21:04:43,30,607,571,Italia,0.26666666666666666,0.3333333333333333,0.9333333333333332,2003.8,0.13333333333333333,42394,1.0,2019-04-23 01:25:12
54,330,926270599206449153,KingDeagleIV,2017-11-03 02:11:34,130,505,1014,"New York, USA",0.0,0.5333333333333333,0.9666666666666668,4100.233333333334,0.16666666666666666,27987,1.0,2019-04-23 01:25:12
55,360,1055696622,Giovannini8,2013-01-02 17:56:31,0,1755,2130,0,0.8333333333333334,1.7666666666666666,3.6,138.73333333333332,0.0,150696,1.0,2019-04-23 01:25:12
56,390,15944583,wheelofchange,2008-08-22 13:22:08,94,2450,5001,BUROKLOTARIJE,0.06666666666666668,0.8,0.36666666666666653,84.73333333333333,0.1,82106,1.0,2019-04-23 01:25:12
57,420,976506198051770369,MsMarjorie8,2018-03-21 17:09:54,106,551,2177,In the Blue Wave,0.13333333333333333,0.2,1.2333333333333334,2206.1666666666665,1.9,12113,1.0,2019-04-23 01:25:12
58,450,411633238,DeusExMachina92,2011-11-13 17:37:18,48,119,1305,"Branson, MO",0.3,0.7,1.1,23010.8,0.16666666666666666,1647,1.0,2019-04-23 01:25:12
59,480,387530815,olgadiva11,2011-10-09 06:56:59,90,1338,1038,pretoria,0.0,0.13333333333333333,1.9333333333333331,141.5,0.6,15518,1.0,2019-04-23 01:25:12
60,510,1615959103,tchilitchyX,2013-07-23 19:23:31,75,84,758,Dakar,0.03333333333333333,0.3333333333333333,0.6,1054.8666666666666,0.26666666666666666,5554,1.0,2019-04-23 01:25:12
61,540,1705648328,GroadmiralThraw,2013-08-27 21:23:00,160,455,633,0,0.03333333333333333,0.6,1.4333333333333331,5417.9,1.8666666666666667,45093,1.0,2019-04-23 01:25:12
62,570,24609059,PeaceAndLove902,2009-03-15 23:37:11,86,346,280,"Wisconsin, USA",0.0,0.36666666666666653,0.9333333333333332,10612.333333333334,0.0,28061,1.0,2019-04-23 01:25:12
63,600,1052002764073644032,TempehJxker,2018-10-16 01:06:18,42,379,206,0,0.16666666666666666,0.6,1.0,5532.7,0.03333333333333333,11852,1.0,2019-04-23 01:25:12
64,630,4275982164,Koqueto2Koqueto,2015-11-18 06:45:17,0,222,3839,"Tuxtla Gtz, Chis",0.26666666666666666,0.6666666666666666,1.0,701.3666666666667,0.06666666666666668,480,1.0,2019-04-23 01:25:12
65,660,526338331,Cler1488,2012-03-16 12:21:10,2,34,17,Msk,0.0,1.0,0.0,0.0,0.03333333333333333,2974,1.0,2019-04-23 01:25:12
66,690,938064737228685313,Fedetelechea,2017-12-05 15:17:16,35,88,87,"Miami, FL",0.0,0.3,0.8666666666666667,5075.133333333333,0.4666666666666667,4744,1.0,2019-04-23 01:25:12
67,720,429591499,_Caldwe11JrJr,2011-12-06 04:36:06,143,1102,720,At The Crib ,0.03333333333333333,0.5333333333333333,0.7666666666666667,4014.9666666666662,0.6666666666666666,41572,1.0,2019-04-23 01:25:12
68,750,1103293122535055360,MarcoKelvin2,2019-03-06 13:55:53,146,202,2945,"Narayanganj, Bangladesh",0.0,0.13333333333333333,1.1,0.0,0.0,898,1.0,2019-04-23 01:25:12
69,780,932297136649187328,Candice_Arlyne,2017-11-19 17:18:53,0,67,85,"Missouri, USA",0.03333333333333333,0.2,1.0,56.06666666666667,0.13333333333333333,1955,1.0,2019-04-23 01:25:12
70,810,756368198,69sexxxo,2012-08-14 03:22:02,0,200854,61,Adult only üîû ‚ô®Ô∏èCamPromo‚ô®Ô∏è,0.2333333333333333,0.9,2.0,56.9,0.0,226312,1.0,2019-04-23 01:25:12
71,840,1098727923031232512,tiantianrascalx,2019-02-21 23:35:25,138,115,141,#dontrascalme,0.3,0.43333333333333335,0.9333333333333332,1570.466666666667,0.0,998,1.0,2019-04-23 01:25:12
72,870,978639658513870854,ba_meiji,2018-03-27 14:27:31,0,25,72,0,0.03333333333333333,0.2333333333333333,0.4,1789.3,0.7,16,1.0,2019-04-23 01:25:12
73,886,997846240325873664,owiAdvBJWSB1s6n,2018-05-19 14:27:37,85,101,706,ÂπªÊÉ≥ÈÉ∑  Á¥ÖÈ≠îÈ§® ,0.7,0.36666666666666653,0.8,151.76666666666668,0.43333333333333335,884,1.0,2019-04-23 01:25:12
74,916,777436687215366145,fly_gle2,2016-09-18 09:18:45,25,36,151,Îî∞ÎúªÌïú Ïù¥Î∂àÏÜç,0.1,0.3333333333333333,0.36666666666666653,109.86666666666666,0.03333333333333333,673,1.0,2019-04-23 01:25:12
75,946,1020595512355909632,enOsZwJY5MuqBMM,2018-07-21 09:05:06,18,539,933,Â§ßÂàÜ‰Ωê‰ºØÂ∏Ç,0.5,0.3,0.8,7763.9333333333325,0.5333333333333333,114,1.0,2019-04-23 01:25:12
76,976,741884987729797120,De900910,2016-06-12 06:48:59,31,34,305,0,0.7333333333333333,1.0,0.5666666666666667,1247.2333333333333,0.03333333333333333,71,1.0,2019-04-23 01:25:12
77,1006,3158920291,Nirmala21N,2015-04-16 06:37:46,73,29,83,0,1.4,0.4,0.8666666666666667,90.5,0.0,47,1.0,2019-04-23 01:25:12
78,1036,45891442,j3sSmArTz,2009-06-09 17:38:27,22,85,830,mexico,0.4666666666666667,0.36666666666666653,1.0,2489.266666666667,0.3333333333333333,454,1.0,2019-04-23 01:25:12
79,1066,284115556,OkuraiAni,2011-04-18 17:11:47,130,47,760,ÂåóÁã¨„ÄÅ„Éâ„Ç§„ÉÑ,0.3333333333333333,0.43333333333333335,0.9333333333333332,5558.233333333334,0.3,625,1.0,2019-04-23 01:25:12
80,1096,929146968667930625,kiyouni194,2017-11-11 00:41:14,67,60,504,Êñ∞ÊΩü Èï∑Â≤°Â∏Ç,0.0,0.2333333333333333,0.5,0.6666666666666666,1.2,230,1.0,2019-04-23 01:25:12
81,1126,977936112881754128,Rikotouka,2018-03-25 15:51:53,0,8,173,0,0.36666666666666653,0.4666666666666667,0.7666666666666667,3221.833333333333,0.26666666666666666,90,1.0,2019-04-23 01:25:12
82,1156,936078261179752449,Kurodia1006,2017-11-30 03:43:43,160,27,598,0,1.1666666666666667,0.5333333333333333,1.0333333333333334,671.2333333333332,0.0,2605,1.0,2019-04-23 01:25:12
83,1186,2566763209,MamaOtome87,2014-06-14 08:42:12,123,293,734,"Fujisawa City, Kanagawa",0.43333333333333335,0.43333333333333335,1.2333333333333334,61.86666666666667,0.7666666666666667,2788,1.0,2019-04-23 01:25:12
84,1216,896204815075868672,aOzzz_1027,2017-08-12 03:00:53,77,4,167,Shaanxi,0.1,0.2,1.1666666666666667,313.06666666666666,0.16666666666666666,345,1.0,2019-04-23 01:25:12
85,1246,893179233349926913,Araragi1Koyomi,2017-08-03 18:38:18,0,3,191,0,0.0,0.0,0.03333333333333333,0.0,0.36666666666666653,1,1.0,2019-04-23 01:25:12
86,1247,996164363622010880,mo_70112,2018-05-14 23:04:26,0,15,64,0,3.733333333333333,7.2,4.0,533.2666666666668,0.0,3374,1.0,2019-04-23 01:25:12
87,1277,20988107,wildliferescuer,2009-02-16 14:18:12,157,4881,5040,"Beckford, Gloucestershire, UK",0.13333333333333333,0.8,0.3333333333333333,4.7,15.8,3972,1.0,2019-04-23 01:25:12
88,1307,293665956,patrick_weir,2011-05-05 19:12:52,8,512,1703,0,0.16666666666666666,0.7,0.8,258.06666666666666,0.3,4661,1.0,2019-04-23 01:25:12
89,1337,916281046433275904,anawantsmethin,2017-10-06 12:36:39,76,33,39,"Colorado, USA",0.0,0.06666666666666668,0.9333333333333332,11832.833333333336,0.1,1154,1.0,2019-04-23 01:25:12
90,1367,1028765173488726016,grubererich916,2018-08-12 22:08:25,142,641,4997,0,0.5666666666666667,0.8333333333333334,2.566666666666667,69.23333333333333,0.0,15551,1.0,2019-04-23 01:25:12
91,1427,1091621732262256640,LynnWar35119729,2019-02-02 08:57:57,0,35,14,0,0.0,1.0,0.0,0.03333333333333333,0.0,621,1.0,2019-04-23 01:25:12
92,1487,160694051,Mia_Maffia,2010-06-28 22:10:25,89,93833,730,United Kingdom,0.8333333333333334,1.7666666666666666,0.1,2.7,14.566666666666665,15402,1.0,2019-04-23 01:25:12
93,1517,1091930436325044224,Virgini55182293,2019-02-03 05:24:37,0,37,12,0,0.0,1.0,0.0,0.03333333333333333,0.0,582,1.0,2019-04-23 01:25:12
94,1547,45314456,Mish_L_Pattison,2009-06-07 09:46:04,40,1745,2809,Birmingham ,0.4666666666666667,0.4666666666666667,0.9,1708.833333333333,0.06666666666666668,44761,1.0,2019-04-23 01:25:12
95,1577,1108096967769493507,liberal06670263,2019-03-19 20:04:39,23,22,118,"New York, NY",0.13333333333333333,0.3,1.5333333333333334,4341.066666666667,0.06666666666666668,960,1.0,2019-04-23 01:25:12
96,1607,946587035573374976,hormsporg,2017-12-29 03:41:50,71,139,451,"Wisconsin, USA",1.1,1.0,1.0333333333333334,70.96666666666667,0.0,4049,1.0,2019-04-23 01:25:12
97,1637,803747526947934208,LarsonArsonist,2016-11-29 23:48:38,0,6,346,Little China,0.5333333333333333,0.9666666666666668,0.4666666666666667,663.2666666666668,0.03333333333333333,52,1.0,2019-04-23 01:25:12
98,1667,373499539,BoobsHD,2011-09-14 17:51:35,51,134288,23,0,1.0,1.0,0.0,0.3333333333333333,3.6,51194,1.0,2019-04-23 01:25:12
99,1697,1109111655051358208,LifeVideos3,2019-03-22 15:16:39,4,63,51,0,13.0,1.0,0.0,0.0,0.43333333333333335,192,1.0,2019-04-23 01:25:12
100,1727,1110170635076927488,lovelyjenny126,2019-03-25 13:24:40,61,645,404,California,2.533333333333333,0.43333333333333335,0.13333333333333333,24.66666666666667,23.86666666666667,18,1.0,2019-04-23 01:25:12
101,1745,1107839987679182849,YungSage13,2019-03-19 03:03:30,0,4,29,0,4.233333333333333,0.06666666666666668,0.9333333333333332,61.86666666666667,0.16666666666666666,53,1.0,2019-04-23 01:25:12
102,1775,4149386374,bigboobsfansite,2015-11-09 13:16:51,155,117165,673,boobs world,4.7,1.0333333333333334,0.0,0.13333333333333333,0.6666666666666666,306609,1.0,2019-04-23 01:25:12
103,1805,441273690,W84IT1,2011-12-19 22:45:15,17,171,630,United States,1.0,0.9,1.4333333333333331,56.7,0.0,11312,1.0,2019-04-23 01:25:12
104,1865,390781513,R_sidney_V,2011-10-14 15:01:26,44,955675,2215,0,1.2,1.0,1.6666666666666667,51.56666666666667,0.0,1150378,1.0,2019-04-23 01:25:12
105,1895,826089159500627968,allenmarkjk,2017-01-30 15:26:18,15,21,491,"Columbus, OH",0.13333333333333333,0.9666666666666668,1.2666666666666666,614.0666666666667,0.03333333333333333,1231,1.0,2019-04-23 01:25:12
106,1925,437250059,Orehova_L,2011-12-15 05:32:37,0,65,45,0,0.0,2.0,0.0,0.0,0.03333333333333333,5396,1.0,2019-04-23 01:25:12
107,1955,1098024844938133507,AlexRod12059089,2019-02-20 01:01:38,58,43,310,0,0.4,2.4,3.0,244.16666666666663,0.0,1557,1.0,2019-04-23 01:25:12
108,1985,274866253,john_c_roth,2011-03-31 05:12:05,88,2394,4269,Colorado,0.0,0.13333333333333333,1.0666666666666669,20.933333333333334,0.03333333333333333,23384,1.0,2019-04-23 01:25:12
109,2015,1050291867449868289,burgess_ronan,2018-10-11 07:47:49,0,31,163,0,0.2,0.9,1.2666666666666666,294.3666666666667,0.0,1265,1.0,2019-04-23 01:25:12
110,2045,816991980,_Mnemophobia,2012-09-11 08:42:24,25,2133,2077,‚ò†Ô∏é 150419,0.0,0.7333333333333333,0.8666666666666667,11545.4,0.03333333333333333,68090,1.0,2019-04-23 01:25:12
111,2075,1118587514804002816,larajessinta,2019-04-17 18:50:20,79,118,7,0,0.0,0.13333333333333333,0.7666666666666667,337.46666666666664,0.9333333333333332,62,1.0,2019-04-23 01:25:12
112,2105,1077524688283279360,waggleshaft,2018-12-25 11:21:19,0,7,50,0,2.6,0.4,0.9666666666666668,24.73333333333333,0.03333333333333333,53,1.0,2019-04-23 01:25:12
113,2135,906866746606329861,hrmsqd,2017-09-10 13:07:35,19,186,204,OLIVIA O‚ÄôBREINS TOUR,0.0,0.3,0.43333333333333335,2315.6,1.3,5787,1.0,2019-04-23 01:25:12
114,2165,2749306087,mramorr1,2014-08-20 15:01:09,0,75,21,0,0.0,2.0,0.0,0.0,0.0,5195,1.0,2019-04-23 01:25:12
115,2195,1085621381671407616,HollickRaelyn,2019-01-16 19:34:42,156,460,675,"California, USA",7.833333333333332,1.0,0.0,0.0,0.03333333333333333,1188,1.0,2019-04-23 01:25:12
116,2225,1089530900935831552,P0PCRAUE,2019-01-27 14:29:44,0,790,2,0,0.03333333333333333,0.8333333333333334,0.8666666666666667,2082.5333333333333,0.8666666666666667,197,1.0,2019-04-23 01:25:12
117,2255,2597697475,meister_kwame,2014-07-01 09:08:56,68,2301,2535,0,0.3333333333333333,0.6,0.9333333333333332,11348.1,0.0,28746,1.0,2019-04-23 01:25:12
118,2285,1096865064483721216,eziinneex,2019-02-16 20:13:04,49,786,345,0,0.06666666666666668,0.7666666666666667,0.9,7634.4,0.4,5975,1.0,2019-04-23 01:25:12
119,2315,2428627495,seohamms,2014-04-05 09:36:53,44,237,249,0,0.36666666666666653,0.36666666666666653,0.5,139.4,1.0666666666666669,28085,1.0,2019-04-23 01:25:12
120,2345,1108525953410654208,kevinburkholde8,2019-03-21 00:29:17,9,7,85,0,2.0,0.6666666666666666,1.1,1056.2,0.03333333333333333,53,1.0,2019-04-23 01:25:12
121,2375,850280815955148800,Avey222,2017-04-07 09:35:18,36,193,942,"St Louis, MO",1.0666666666666669,0.8333333333333334,1.1666666666666667,30.6,0.0,2448,1.0,2019-04-23 01:25:12
122,2405,1067513318875766784,KlagnutJ,2018-11-27 20:19:43,0,11,84,0,1.6666666666666667,0.0,0.3,6.333333333333332,0.0,16,1.0,2019-04-23 01:25:12
123,2414,901724389,Marseillle_09,2012-10-24 12:18:51,30,54,0,0,0.0,1.0,0.0,0.0,0.0,3617,1.0,2019-04-23 01:25:12
124,2444,1070548068188282880,thickforlove,2018-12-06 05:18:44,102,1720,132,"North Carolina, USA",1.3,0.26666666666666666,0.8,2.6,17.466666666666665,459,1.0,2019-04-23 01:25:12
125,2474,896835114461560832,terrynuriman,2017-08-13 20:45:28,149,1231,2164,Germany,0.06666666666666668,0.3,2.333333333333333,1227.0333333333333,0.0,30435,1.0,2019-04-23 01:25:12
126,2504,1082515140518371328,queenmoan,2019-01-08 05:51:36,100,3901,236,Neverland,0.0,0.3333333333333333,0.7333333333333333,2881.633333333333,0.9333333333333332,5378,1.0,2019-04-23 01:25:12
127,2534,2876232537,HamelTC,2014-11-14 10:38:09,1,23,133,0,0.03333333333333333,0.6333333333333333,0.8666666666666667,10255.9,0.5666666666666667,476,1.0,2019-04-23 01:25:12
128,2564,1105189919981395973,Alex48096218,2019-03-11 19:33:05,0,5,108,0,1.1666666666666667,0.9666666666666668,2.2,449.03333333333336,0.0,40,1.0,2019-04-23 01:25:12
129,2594,1108787990933983232,Dolanz_heartu,2019-03-21 17:50:32,29,77,208,0,0.03333333333333333,0.3333333333333333,1.0333333333333334,815.5,0.5,104,1.0,2019-04-23 01:25:12
130,2624,4582514543,MattCowboyTex33,2015-12-23 21:40:15,4,16,360,Aiken,0.06666666666666668,0.13333333333333333,0.1,0.0,0.16666666666666666,8,1.0,2019-04-23 01:25:12
131,2632,1031279415945310209,aligmc11,2018-08-19 20:39:07,0,141,1724,0,0.0,0.06666666666666668,0.0,0.06666666666666668,0.16666666666666666,2,1.0,2019-04-23 01:25:12
132,2634,722440246156242946,kolot_50,2016-04-19 15:02:31,0,79,28,0,0.0,2.0,0.0,0.0,0.0,5238,1.0,2019-04-23 01:25:12
133,2664,861551506633482241,WorshipAdmin,2017-05-08 12:01:00,131,2155,706,"Colorado, USA",1.0333333333333334,1.5,0.0,0.1,0.16666666666666666,8283,1.0,2019-04-23 01:25:12
134,2694,1107638239760793605,CougarSora,2019-03-18 13:41:50,115,26,41,0,0.4,0.8333333333333334,0.36666666666666653,31.83333333333333,2.7666666666666666,119,1.0,2019-04-23 01:25:12
135,2724,2188042480,Ruin2day,2013-11-19 22:39:52,139,3038,2071,Dugout ,0.03333333333333333,0.2,1.0333333333333334,0.03333333333333333,1.8333333333333333,130618,1.0,2019-04-23 01:25:12
136,2754,889524975622922240,JamesALogan1,2017-07-24 16:37:35,7,100,1320,"bethelsprings,tn",1.2666666666666666,0.8333333333333334,1.1,173.23333333333332,0.0,16384,1.0,2019-04-23 01:25:12
137,2784,785974295709167617,AmericanGoldSPP,2016-10-11 22:44:09,160,12,143,"Palm Beach, FL",0.2,0.9333333333333332,0.8,23.13333333333333,0.9666666666666668,641,1.0,2019-04-23 01:25:12
138,2814,43606177,BSherSB,2009-05-30 22:26:50,0,953,249,0,0.2333333333333333,0.7,0.7666666666666667,536.1,3.733333333333333,6308,1.0,2019-04-23 01:25:12
139,2844,4832188317,j4m3sw4lcott,2016-01-21 09:21:14,142,39,58, Nigeria,0.0,0.1,1.3666666666666667,0.0,0.2,424,1.0,2019-04-23 01:25:12
140,2874,185762468,eugin_ya,2010-09-01 19:45:18,0,33,25,0,0.0,1.0,0.0,0.0,0.0,2957,1.0,2019-04-23 01:25:12
141,2904,315682622,arttar87,2011-06-12 08:21:04,0,158,1410,–¢–æ–ª—å—è—Ç—Ç–∏,0.0,1.0,0.0,0.03333333333333333,0.0,6639,1.0,2019-04-23 01:25:12
142,2934,933501885415243776,jhazz_rei,2017-11-23 01:06:07,0,11,258,0,0.0,0.5333333333333333,1.0333333333333334,557.1,0.13333333333333333,1067,1.0,2019-04-23 01:25:12
143,2964,1074463898806427649,void_george,2018-12-17 00:38:50,134,125,493,"Marietta, GA",1.1,0.8333333333333334,1.0,10.833333333333336,0.0,4830,1.0,2019-04-23 01:25:12
144,2994,1111907606136795136,ibrahim52416212,2019-03-30 08:26:46,0,118,1187,0,0.5,0.9666666666666668,1.6333333333333333,322.73333333333335,0.0,4787,1.0,2019-04-23 01:25:12
145,3054,1113855014898941952,Joff00322378,2019-04-04 17:25:04,0,10,173,0,2.6,0.6333333333333333,1.0,61.23333333333333,0.0,56,1.0,2019-04-23 01:25:12
146,3084,3265486770,LuizXulaps,2015-07-02 00:37:44,0,194,1045,"Caxias do Sul, Brasil",0.1,0.9,1.5333333333333334,662.7333333333332,0.0,2213,1.0,2019-04-23 01:25:12
147,3114,1061032949414543360,DickTributer,2018-11-09 23:09:02,126,381,1448,UK,1.1333333333333333,0.6333333333333333,1.0666666666666669,5.7,0.06666666666666668,1630,1.0,2019-04-23 01:25:12
148,3144,2535327983,daniellefwisdom,2014-05-08 16:59:09,0,818,493,tx,0.0,0.26666666666666666,0.7,2169.2,1.0,38322,1.0,2019-04-23 01:25:12
149,3174,954558496497963008,pirate2pt0,2018-01-20 03:37:35,160,1650,1032,in mean people's faces ,0.7333333333333333,0.5666666666666667,1.1333333333333333,149.96666666666667,0.03333333333333333,11622,1.0,2019-04-23 01:25:12
150,3204,1045304106934571008,Samar3450,2018-09-27 13:28:14,78,108388,590,"Punjab, Pakistan",0.2333333333333333,0.9333333333333332,1.0666666666666669,49.5,9.833333333333334,66448,1.0,2019-04-23 01:25:12
151,3234,1093527627699273738,D972Mister,2019-02-07 15:11:17,0,5,79,0,1.5666666666666669,0.8666666666666667,1.3,2205.6,0.0,143,1.0,2019-04-23 01:25:12
152,3264,1120038370669944833,MauroRo13459736,2019-04-21 18:55:31,0,7,354,0,0.2333333333333333,1.0,1.6333333333333333,161.76666666666668,0.0,127,1.0,2019-04-23 01:25:12
153,3294,181081093,RatchetSensai,2010-08-21 06:23:12,91,982,1920,Winterfell ,0.06666666666666668,0.3333333333333333,0.7666666666666667,39.23333333333333,195.8,24601,1.0,2019-04-23 01:25:12
154,3324,1013543195542683648,cheeekydee,2018-07-01 22:01:43,35,336,202,Queens,0.0,0.5,0.6,0.6333333333333333,0.5,9123,1.0,2019-04-23 01:25:12
155,3354,58175844,ruactive2,2009-07-19 11:09:55,160,332,3215,CPH DK,0.3333333333333333,0.7666666666666667,1.3,2.6,0.03333333333333333,10395,1.0,2019-04-23 01:25:12
156,3384,2325074985,kamaginv,2014-02-05 02:03:21,0,72,22,–≥–æ—Ä–æ–¥ . –í–ª–∞–¥–∏–≤–æ—Å—Ç–æ–∫,0.0,2.0,0.0,0.0,0.13333333333333333,5206,1.0,2019-04-23 01:25:12
157,3414,1032733495637012480,BoubaNadir,2018-08-23 20:57:07,52,2355,1905,0,0.43333333333333335,0.6333333333333333,1.6,7.333333333333332,0.26666666666666666,117432,1.0,2019-04-23 01:25:12
158,3444,882701652,wwwtttttt1,2012-10-15 17:03:56,0,26,7,0,0.0,1.0,0.0,0.0,0.0,2867,1.0,2019-04-23 01:25:12
159,3474,1080101846998499328,y2zdies,2019-01-01 14:02:02,9,38,66,0,0.0,0.4666666666666667,0.16666666666666666,1155.4333333333334,0.16666666666666666,1285,1.0,2019-04-23 01:25:12
160,3504,314903453,slythuga,2011-06-11 00:34:37,11,1117,531,"Atlanta, GA",0.06666666666666668,0.3333333333333333,0.7333333333333333,748.2333333333332,0.16666666666666666,227879,1.0,2019-04-23 01:25:12
161,3534,4780618703,RTpet73,2016-01-12 04:01:45,137,2298,3294,United Kingdom,1.9666666666666663,0.5333333333333333,1.3666666666666667,32.766666666666666,0.0,21429,1.0,2019-04-23 01:25:12
162,3564,3006991461,rostandbenni,2015-01-31 04:44:13,0,151,1308,0,0.06666666666666668,1.9333333333333331,2.0,59.46666666666667,0.0,7541,1.0,2019-04-23 01:25:12
163,3624,489966217,Froz2504,2012-02-12 02:57:52,38,19,13,–°—É—Ä–≥—É—Ç,0.0,1.0,0.0,0.0,0.0,3154,1.0,2019-04-23 01:25:12
164,3654,333328395,Olcha_Dilgizhek,2011-07-11 11:03:21,0,50,2,0,0.0,2.0,0.0,0.0,0.0,3467,1.0,2019-04-23 01:25:12
165,3684,615348740,D_Schweitzer94,2012-06-22 17:10:14,16,596,2060,United States,0.2,0.8,1.1,7514.1,0.0,31825,1.0,2019-04-23 01:25:12
166,3714,4497937641,davidcheoflore1,2015-12-16 01:47:30,0,980,4690,Schertz TX ,1.2666666666666666,0.6333333333333333,1.5333333333333334,50.1,0.06666666666666668,13211,1.0,2019-04-23 01:25:12
167,3744,437250059,Orehova_L,2011-12-15 05:32:37,0,65,45,0,0.0,2.0,0.0,0.0,0.03333333333333333,5406,1.0,2019-04-23 01:25:12
168,3774,797897394306379777,2sebb20,2016-11-13 20:22:18,143,596,5000,In-between your thighs ,0.9,0.4,0.9666666666666668,27.466666666666665,0.3333333333333333,1555,1.0,2019-04-23 01:25:12
169,3804,32908791,mike_vaughan1,2009-04-18 15:10:54,22,234,314,"Texas, USA",0.03333333333333333,0.2333333333333333,1.2666666666666666,5248.433333333333,0.3,4910,1.0,2019-04-23 01:25:12
170,3834,1118980381967958016,sumantri212,2019-04-18 20:51:27,3,3,17,0,0.6666666666666666,0.7666666666666667,1.0,19.5,0.0,98,1.0,2019-04-23 01:25:12
171,3864,2325074985,kamaginv,2014-02-05 02:03:21,0,72,22,–≥–æ—Ä–æ–¥ . –í–ª–∞–¥–∏–≤–æ—Å—Ç–æ–∫,0.0,2.0,0.0,0.0,0.13333333333333333,5210,1.0,2019-04-23 01:25:12
172,3894,4897817656,aOcvgPllmg42NNL,2016-02-11 12:10:46,0,86,1,0,0.0,1.0,0.0,0.0,0.0,5234,1.0,2019-04-23 01:25:12
173,3924,2766366858,XWaynes75,2014-08-25 13:44:13,119,401,806,"Ile-de-France, France",0.8666666666666667,0.8666666666666667,1.9333333333333331,34.93333333333333,0.0,7835,1.0,2019-04-23 01:25:12
174,3954,1360644042,mileskabio,2013-04-18 00:34:07,7,2282,1501,mardelüí∏,0.0,0.4,0.5666666666666667,18.433333333333334,1.3666666666666667,16096,1.0,2019-04-23 01:25:12
175,3984,18379967,SoCalledMary,2008-12-25 22:07:14,91,1074,3164,0,0.2333333333333333,0.4,0.7666666666666667,40.06666666666667,0.2,43128,1.0,2019-04-23 01:25:12
176,4014,2515252834,KarinaMedeuova,2014-04-28 18:17:36,0,146,26,"–¢–≤–µ—Ä—å, –†–æ—Å—Å–∏—è",0.0,1.0,0.0,0.0,0.0,5220,1.0,2019-04-23 01:25:12
177,4044,734532902,Morgan_Lisaa,2012-08-03 09:15:34,68,73,39,0,0.0,1.0,0.0,0.0,0.0,4163,1.0,2019-04-23 01:25:12
178,4074,2749306087,mramorr1,2014-08-20 15:01:09,0,75,21,0,0.0,2.0,0.0,0.0,0.0,5204,1.0,2019-04-23 01:25:12
179,4104,2429243705,pauucb_,2014-03-22 17:09:38,139,187,269,0,0.0,0.3333333333333333,0.9666666666666668,3365.666666666666,0.03333333333333333,2154,1.0,2019-04-23 01:25:12
180,4134,1568044428,ne_govori,2013-07-04 12:11:16,0,172,4,0,0.0,1.0,0.0,0.0,0.0,2871,1.0,2019-04-23 01:25:12
181,4164,526798952,___sorayak,2012-03-16 21:12:13,2,589,501,London,0.0,0.5333333333333333,0.8333333333333334,16052.4,0.2333333333333333,9199,1.0,2019-04-23 01:25:12
182,4194,2973050927,pavelblinov2003,2015-01-11 13:35:20,0,65,0,0,0.0,1.0,0.0,0.0,0.0,5209,1.0,2019-04-23 01:25:12
183,4214,2973050927,pavelblinov2003,2015-01-11 13:35:20,0,65,0,0,0.0,1.0,0.0,0.0,0.0,5210,1.0,2019-04-23 01:25:12
184,4224,969769260619849729,Al_2705,2018-03-03 02:59:43,0,208,20,0,0.0,2.0,0.0,0.0,0.0,10679,1.0,2019-04-23 01:25:12
185,4254,979761288896286727,avproh2,2018-03-30 16:44:29,0,94,2,0,0.0,1.0,0.0,0.0,0.0,6589,1.0,2019-04-23 01:25:12
186,4284,1313903430,Alfa_Lobx,2013-03-29 14:02:47,149,428,25,Icon Cr: Old Xian (19 Days),0.03333333333333333,0.7333333333333333,0.9666666666666668,3099.0333333333333,0.03333333333333333,167090,1.0,2019-04-23 01:25:12
187,4314,714472738572861440,vladimirov1963i,2016-03-28 15:22:29,0,92,2,0,0.0,1.0,0.0,0.0,0.0,5289,1.0,2019-04-23 01:25:12
188,4344,3251637472,PronyaevaKristi,2015-05-13 13:42:58,62,72,36,0,0.0,1.0,0.0,0.0,0.03333333333333333,5312,1.0,2019-04-23 01:25:12
189,4374,293312470,frosiy123456,2011-05-05 03:52:29,0,32,1,0,0.0,1.0,0.0,0.0,0.0,6220,1.0,2019-04-23 01:25:12
190,4404,333328395,Olcha_Dilgizhek,2011-07-11 11:03:21,0,50,2,0,0.0,2.0,0.0,0.0,0.0,3473,1.0,2019-04-23 01:25:12
191,4434,913187808,frank_thetank26,2012-10-29 20:37:44,73,238,243,"Miami, Fl",0.3333333333333333,0.4666666666666667,1.3,3892.1,8.666666666666666,14136,1.0,2019-04-23 01:25:12
192,4464,1109112293906759680,WowVideos7,2019-03-22 15:19:11,4,90,48,0,13.0,1.0,0.0,0.0,0.43333333333333335,191,1.0,2019-04-23 01:25:12
193,4494,385004087,alexej_mir,2011-10-04 18:10:00,0,59,15,0,0.0,1.0,0.0,0.0,0.0,5257,1.0,2019-04-23 01:25:12
194,4524,722440246156242946,kolot_50,2016-04-19 15:02:31,0,79,28,0,0.0,2.0,0.0,0.0,0.0,5232,1.0,2019-04-23 01:25:12
195,4554,301394800,erMerry,2011-05-19 11:55:28,102,74,15,Russia,0.0,1.0,0.0,0.0,0.03333333333333333,5849,1.0,2019-04-23 01:25:12
196,4584,4038287489,KetiFredi,2015-10-25 10:39:37,0,33,25,0,0.0,1.0333333333333334,0.0,0.0,0.0,2882,1.0,2019-04-23 01:25:12
197,4614,856826370,gerardo63665738,2012-10-01 18:41:57,52,1093,1150,Chilangolandia,1.0666666666666669,0.9333333333333332,2.6666666666666665,45.7,0.0,40025,1.0,2019-04-23 01:25:12
198,4644,1096395999206092800,mckl3b,2019-02-15 13:09:11,0,130,375,0,0.16666666666666666,0.7,1.6,91.36666666666666,0.0,78,1.0,2019-04-23 01:25:12
199,4674,1074910019273936896,x0CcNNYbn6TEYb3,2018-12-18 06:11:34,0,1,47,0,0.06666666666666668,1.0333333333333334,1.4333333333333331,740.5,0.0,132,1.0,2019-04-23 01:25:12
200,4704,211267565,MeFrancescaLe,2010-11-02 19:52:31,20,15112,4390,0,0.0,2.0,0.0,0.26666666666666666,0.8666666666666667,140861,1.0,2019-04-23 01:25:12
201,4734,3326781993,0123_filonencko,2015-06-15 12:10:30,0,101,0,0,0.0,1.0,0.0,0.0,0.0,5360,1.0,2019-04-23 01:25:12
202,4764,1023557841305698306,stroker_the,2018-07-29 13:16:20,67,449,662,0,0.26666666666666666,0.6333333333333333,1.1666666666666667,7.8,0.36666666666666653,606,1.0,2019-04-23 01:25:12
203,4794,863879485942358018,AlejandroMR518,2017-05-14 22:11:34,5,114,310,0,0.6666666666666666,0.8666666666666667,1.0333333333333334,49.33333333333334,0.0,5553,1.0,2019-04-23 01:25:12
204,4824,950168283252215810,IvanLeo93170594,2018-01-08 00:52:26,0,222,179,0,0.3333333333333333,1.0666666666666669,1.7666666666666666,113.53333333333332,0.0,44675,1.0,2019-04-23 01:25:12
205,4854,3865693940,NiceGuy30462000,2015-10-12 04:15:07,124,1279,4418,United States,1.9333333333333331,1.8,3.466666666666667,385.26666666666665,0.0,39847,1.0,2019-04-23 01:25:12
206,4884,1103478083636641792,Najwa82332797,2019-03-07 02:10:51,0,18,0,0,8.633333333333333,1.0333333333333334,0.0,0.0,0.16666666666666666,114,1.0,2019-04-23 01:25:12
207,4914,1069718685009498120,ozzy231231,2018-12-03 22:23:03,0,101,2075,0,0.43333333333333335,0.8333333333333334,1.1,412.66666666666674,0.0,1137,1.0,2019-04-23 01:25:12
208,4944,2578792763,sergexxxcon,2014-06-02 23:17:20,25,15,374,cuautilan izcalli,2.8666666666666667,1.8666666666666667,2.6,1112.9,0.0,3290,1.0,2019-04-23 01:25:12
209,5004,1074083792464347137,Milfiliciouss,2018-12-15 23:28:26,45,4012,18,0,0.13333333333333333,1.0,0.0,1.1,5.366666666666666,3216,1.0,2019-04-23 01:25:12
210,5034,3194842340,ReneF1,2015-05-14 02:04:39,108,638,2203,0,0.0,1.0,1.0,18.366666666666667,0.0,30015,1.0,2019-04-23 01:25:12
211,5094,2946128115,horndog_91,2014-12-28 17:52:44,66,1202,3852,0,0.36666666666666653,0.8666666666666667,1.5,183.56666666666663,0.0,35916,1.0,2019-04-23 01:25:12
212,5124,1112967538814734338,MalikaShehzadi1,2019-04-02 06:38:33,36,85,398,Pakistan,0.6666666666666666,0.9333333333333332,1.8333333333333333,69.13333333333334,0.0,405,1.0,2019-04-23 01:25:12
213,5154,1031540449784291329,KPubefairy,2018-08-20 13:56:23,110,796,109,"Wales, United Kingdom",1.9333333333333331,0.6333333333333333,1.6666666666666667,4.0,1.9333333333333331,2173,1.0,2019-04-23 01:25:12
214,5184,101641624,sukaewean,2010-01-04 03:03:25,0,65,571,0,0.0,0.9,1.0,196.16666666666663,0.0,3004,1.0,2019-04-23 01:25:12
215,5214,956015377888305152,jcroldanroldan1,2018-01-24 04:06:42,0,393,3734,0,0.7666666666666667,1.0666666666666669,1.1,158.7,0.0,9382,1.0,2019-04-23 01:25:12
216,5244,1103478268919980035,Sariw56676073,2019-03-07 02:11:35,0,12,0,0,8.233333333333333,1.0333333333333334,0.0,0.0,0.3333333333333333,114,1.0,2019-04-23 01:25:12
217,5274,1036466998446710786,Cris9666450351,2018-09-03 04:12:43,0,19,44,0,0.7666666666666667,0.8,1.4,97.53333333333332,0.0,1845,1.0,2019-04-23 01:25:12
218,5304,125706019,Grinder0420,2010-03-23 16:13:23,96,2305,2587,0,0.1,0.7,1.1,22.43333333333333,0.06666666666666668,143508,1.0,2019-04-23 01:25:12
219,5364,1055696622,Giovannini8,2013-01-02 17:56:31,0,1755,2130,0,0.8333333333333334,1.7666666666666666,3.6,138.73333333333332,0.0,150737,1.0,2019-04-23 01:25:12
